{
  "tau": 7.772050594212487e-05,
  "scale": 0.00011401327355997637
}