{
  "tau": 0.3919843674539069,
  "scale": 0.19245592371611306
}