{
  "tau": 0.02075639356571565,
  "scale": 0.00797202292038978
}