{
  "tau": 0.015228641651377618,
  "scale": 0.005906723108702207
}