{
  "tau": 0.006150203712351249,
  "scale": 0.005603845837997092
}