{
  "tau": 0.4268469757755156,
  "scale": 0.07252113608339578
}