{
  "tau": 0.8533104658126831,
  "scale": 0.062422096729278564
}